480,480,BSx4SkPFzhI77zaPUcz/nd9MpBg=,W1OX08DBNVqYbmMvwWWCrTLnnaQ=
482,480,BSx4SkPFzhI77zaPUcz/nd9MpBg=,ZfM5mzPtdNIF5PyK0S3QdQXWv60=
483,480,BSx4SkPFzhI77zaPUcz/nd9MpBg=,ZfM5mzPtdNIF5PyK0S3QdQXWv60=
481,480,BSx4SkPFzhI77zaPUcz/nd9MpBg=,W1OX08DBNVqYbmMvwWWCrTLnnaQ=
480,482,BSx4SkPFzhI77zaPUcz/nd9MpBg=,EcY3BsO9Z9ympmj0uOJrCCe5wWo=
480,483,BSx4SkPFzhI77zaPUcz/nd9MpBg=,EcY3BsO9Z9ympmj0uOJrCCe5wWo=
480,481,BSx4SkPFzhI77zaPUcz/nd9MpBg=,W1OX08DBNVqYbmMvwWWCrTLnnaQ=
483,482,BSx4SkPFzhI77zaPUcz/nd9MpBg=,h8I3uzljq4spw3JNzxoNLQwVHIo=
481,482,BSx4SkPFzhI77zaPUcz/nd9MpBg=,EcY3BsO9Z9ympmj0uOJrCCe5wWo=
483,481,BSx4SkPFzhI77zaPUcz/nd9MpBg=,ZfM5mzPtdNIF5PyK0S3QdQXWv60=
481,483,BSx4SkPFzhI77zaPUcz/nd9MpBg=,EcY3BsO9Z9ympmj0uOJrCCe5wWo=
481,481,BSx4SkPFzhI77zaPUcz/nd9MpBg=,W1OX08DBNVqYbmMvwWWCrTLnnaQ=
482,481,BSx4SkPFzhI77zaPUcz/nd9MpBg=,ZfM5mzPtdNIF5PyK0S3QdQXWv60=
483,483,BSx4SkPFzhI77zaPUcz/nd9MpBg=,h8I3uzljq4spw3JNzxoNLQwVHIo=
482,483,BSx4SkPFzhI77zaPUcz/nd9MpBg=,h8I3uzljq4spw3JNzxoNLQwVHIo=
482,482,BSx4SkPFzhI77zaPUcz/nd9MpBg=,h8I3uzljq4spw3JNzxoNLQwVHIo=
